Handle,Title,Body (HTML),Vendor,Type,Tags,Published,Option1 Name,Option1 Value,Variant SKU,Variant Inventory Policy,Variant Fulfillment Service,Variant Price,Variant Compare At Price,Variant Requires Shipping,Variant Taxable,SEO Title,SEO Description,Status
stoneware-pour-over-set,Stoneware Pour-Over Set,"<p>Slow coffee without the fuss. The dripper sits straight on the matching mug, so there is one less thing to wash and nothing to balance.</p><ul><li>Hand-glazed stoneware that holds heat while you pour</li><li>Dripper takes standard size 2 paper filters</li><li>Mug holds 350 ml</li><li>Dishwasher safe</li></ul>",Hearth & Hollow,Coffee & Tea,"pour over, coffee dripper, stoneware mug, coffee gift",TRUE,Colour,Oat,HH-01-OAT,deny,manual,46.00,,TRUE,TRUE,Stoneware Pour-Over Set | Hearth & Hollow,Slow coffee without the fuss. Free shipping over $60.,draft
stoneware-pour-over-set,,,,,,,,Charcoal,HH-01-CHAR,deny,manual,46.00,,TRUE,TRUE,,,
linen-kitchen-apron,Linen Kitchen Apron,"<p>A proper apron that gets softer every wash. Cross-back straps take the weight off your neck, and the front pocket is big enough for a phone and a tea towel.</p><ul><li>100% European flax linen</li><li>Cross-back straps, one size fits most</li><li>Deep front pocket</li><li>Machine wash cold, line dry</li></ul>",Hearth & Hollow,Kitchen Textiles,"linen apron, cross back apron, kitchen apron, baking gift",TRUE,Colour,Clay,HH-02-CLAY,deny,manual,38.00,48.00,TRUE,TRUE,Linen Kitchen Apron | Hearth & Hollow,A proper apron that gets softer every wash. Free shipping over $60.,draft
linen-kitchen-apron,,,,,,,,Sage,HH-02-SAGE,deny,manual,38.00,48.00,TRUE,TRUE,,,
linen-kitchen-apron,,,,,,,,Ink,HH-02-INK,deny,manual,38.00,48.00,TRUE,TRUE,,,
acacia-serving-board,Acacia Serving Board,"<p>One board for bread, cheese and everything you put out when people come over. Each piece of acacia has its own grain, so no two look the same.</p><ul><li>Solid acacia wood, food-safe oil finish</li><li>Medium 35 x 20 cm, Large 45 x 25 cm</li><li>Handle with hanging loop</li><li>Hand wash only</li></ul>",Hearth & Hollow,Serveware,"serving board, cheese board, acacia wood, hosting",TRUE,Size,Medium,HH-03-MEDI,deny,manual,34.00,,TRUE,TRUE,Acacia Serving Board | Hearth & Hollow,"One board for bread, cheese and everything you put out when people come over. Free shipping over $60.",draft
acacia-serving-board,,,,,,,,Large,HH-03-LARG,deny,manual,34.00,,TRUE,TRUE,,,
beeswax-food-wraps-set-of-3,"Beeswax Food Wraps, Set of 3","<p>Wrap half a lemon, cover a bowl, pack a sandwich. Warm the wrap in your hands and it holds its shape, then rinse and use it again.</p><ul><li>Organic cotton coated in beeswax and jojoba oil</li><li>Three sizes: small, medium, large</li><li>Lasts around a year with regular use</li><li>Rinse in cool water</li></ul>",Hearth & Hollow,Food Storage,"beeswax wraps, reusable food wrap, plastic free, zero waste kitchen",TRUE,Style,Meadow print,HH-04-MEAD,deny,manual,18.00,,TRUE,TRUE,"Beeswax Food Wraps, Set of 3 | Hearth & Hollow","Wrap half a lemon, cover a bowl, pack a sandwich. Free shipping over $60.",draft
beeswax-food-wraps-set-of-3,,,,,,,,Plain,HH-04-PLAI,deny,manual,18.00,,TRUE,TRUE,,,
cast-iron-trivet,Cast Iron Trivet,"<p>Heavy enough to stay put under a full casserole dish, good-looking enough to leave on the table. Rubber feet keep it from scratching the surface underneath.</p><ul><li>Solid cast iron, 18 cm across</li><li>Heat safe to oven temperatures</li><li>Four non-slip rubber feet</li><li>Wipe clean</li></ul>",Hearth & Hollow,Kitchen Tools,"trivet, cast iron, pot stand, table protector",TRUE,Colour,Matte black,HH-05-MATT,deny,manual,24.00,,TRUE,TRUE,Cast Iron Trivet | Hearth & Hollow,"Heavy enough to stay put under a full casserole dish, good-looking enough to leave on the table. Free shipping over $60.",draft
soy-candle-fig-cedar,"Soy Candle, Fig & Cedar","<p>Green fig, warm cedar and a little black pepper. A scent that fills the room without taking it over.</p><ul><li>Natural soy wax, cotton wick</li><li>About 40 hours burn time</li><li>Poured into a reusable glass jar</li><li>Trim wick to 5 mm before lighting</li></ul>",Hearth & Hollow,Home Fragrance,"soy candle, fig candle, scented candle, housewarming gift",TRUE,Size,200 g,HH-06-200G,deny,manual,22.00,28.00,TRUE,TRUE,"Soy Candle, Fig & Cedar | Hearth & Hollow","Green fig, warm cedar and a little black pepper. Free shipping over $60.",draft
waffle-cotton-hand-towels-pair,"Waffle Cotton Hand Towels, Pair","<p>Light, quick to dry and far more absorbent than they look. The waffle weave gets fluffier after the first wash.</p><ul><li>100% organic cotton, 50 x 80 cm</li><li>Hanging loop on each towel</li><li>Dries faster than terry</li><li>Machine wash warm</li></ul>",Hearth & Hollow,Bath Linen,"hand towels, waffle towel, organic cotton, bathroom",TRUE,Colour,Stone,HH-07-STON,deny,manual,26.00,,TRUE,TRUE,"Waffle Cotton Hand Towels, Pair | Hearth & Hollow","Light, quick to dry and far more absorbent than they look. Free shipping over $60.",draft
waffle-cotton-hand-towels-pair,,,,,,,,Rust,HH-07-RUST,deny,manual,26.00,,TRUE,TRUE,,,
waffle-cotton-hand-towels-pair,,,,,,,,White,HH-07-WHIT,deny,manual,26.00,,TRUE,TRUE,,,
glass-storage-jars-set-of-4,"Glass Storage Jars, Set of 4","<p>See what you have at a glance. The bamboo lid seals with a silicone ring, so flour stays dry and coffee stays fresh.</p><ul><li>Borosilicate glass with bamboo lids</li><li>Airtight silicone seal</li><li>Stackable</li><li>Jars are dishwasher safe, hand wash lids</li></ul>",Hearth & Hollow,Food Storage,"storage jars, pantry organisation, glass jars, bamboo lid",TRUE,Size,500 ml,HH-08-500M,deny,manual,32.00,,TRUE,TRUE,"Glass Storage Jars, Set of 4 | Hearth & Hollow",See what you have at a glance. Free shipping over $60.,draft
glass-storage-jars-set-of-4,,,,,,,,1 litre,HH-08-1LIT,deny,manual,32.00,,TRUE,TRUE,,,
